[
  {
    "name": "dev1ce",
    "logo": "https://img-cdn.hltv.org/playerbodyshot/7ekOWJWIHJwwQARzAlKGqL.png?ixlib=java-2.1.0&w=400&s=c9dad87cfe515731c0a166c843e288be"
  },
  {
    "name": "s1mple",
    "logo": "https://img-cdn.hltv.org/playerbodyshot/M_HZ0vz7Cd9dNP7lS283jo.png?ixlib=java-2.1.0&w=400&s=dd291b44af34444878bc9db7fbd89e29"
  },
  {
    "name": "ZywOo",
    "logo": "https://img-cdn.hltv.org/playerbodyshot/cDLEVO33Lh8PtHQtUyF4Q9.png?ixlib=java-2.1.0&w=400&s=5ebc8a972b11d0fd81bfd922f4e0902c"
  },
  {
    "name": "NiKo",
    "logo": "https://img-cdn.hltv.org/playerbodyshot/ryEzkk38b_L-5BdkIG23c3.png?ixlib=java-2.1.0&w=400&s=62e42f9862a878e552236e0df10e7249"
  },
  {
    "name": "stavn",
    "logo": "https://img-cdn.hltv.org/playerbodyshot/7-vEqTQE4CAAFsXSVapF8p.png?ixlib=java-2.1.0&w=400&s=6b3cb8cd2e5b5b51a3cd057887c9dac3"
  },
  {
    "name": "m0NESY",
    "logo": "https://img-cdn.hltv.org/playerbodyshot/aGl4zm62SBHK44DuGvb_91.png?ixlib=java-2.1.0&w=400&s=1393e027bbd92e38bba88f77e8be1ef9"
  },
  {
    "name": "frozen",
    "logo": "https://img-cdn.hltv.org/playerbodyshot/00kf3AiLPaswr8RKwsCZ7u.png?ixlib=java-2.1.0&w=400&s=c7248d2505e2b8ace0b1e0ce8f8fdb87"
  },
  {
    "name": "broky",
    "logo": "https://img-cdn.hltv.org/playerbodyshot/uz_gYKYS-cjdlEJ-tpikrV.png?ixlib=java-2.1.0&w=400&s=61eea26e2076802840dacc42bf8fd4ea"
  },
  {
    "name": "blameF",
    "logo": "https://img-cdn.hltv.org/playerbodyshot/2E6cPM2mB5MHoAXrP9fMlr.png?ixlib=java-2.1.0&w=400&s=e15f3d4349c719e0b63ce0d17bf1fe93"
  },
  {
    "name": "Twistzz",
    "logo": "https://img-cdn.hltv.org/playerbodyshot/MtlmsJNL2i-7kMiNcG5I8t.png?ixlib=java-2.1.0&w=400&s=a9c0718e152a595d660a763f5057a339"
  },
  {
    "name": "YEKINDAR",
    "logo": "https://img-cdn.hltv.org/playerbodyshot/9F0C5VgKD0pavgRgFrCDpf.png?ixlib=java-2.1.0&w=400&s=36b4d7c9716a59a62b54d113c55d2d25"
  },
  {
    "name": "ropz",
    "logo": "https://img-cdn.hltv.org/playerbodyshot/OYZih3h-_cJrZDFq5ButZP.png?ixlib=java-2.1.0&w=400&s=3edd66ad46b03465cc98d235a46297cf"
  },
  {
    "name": "huNter-",
    "logo": "https://img-cdn.hltv.org/playerbodyshot/JLe3rUhWZC-HbEhh3PhQvz.png?ixlib=java-2.1.0&w=400&s=279647d28d5b2006cba10866faeab816"
  },
  {
    "name": "Jame",
    "logo": "https://img-cdn.hltv.org/playerbodyshot/DcDRN_LocUAEh6st6YL-fx.png?ixlib=java-2.1.0&w=400&s=fb51c8d91009aeb92400f7e5af5eeced"
  },
  {
    "name": "Spinx",
    "logo": "https://img-cdn.hltv.org/playerbodyshot/g48HwD49Zckp1HwfSPs1ln.png?ixlib=java-2.1.0&w=400&s=e38bf6a0c1516d109127a14d528cba87"
  },
  {
    "name": "electronic",
    "logo": "https://img-cdn.hltv.org/playerbodyshot/M60OPidppxktmBkxtWxRZb.png?ixlib=java-2.1.0&w=400&s=68b152c1f167d0a0a5ff3661b33eb6c2"
  },
  {
    "name": "NAF",
    "logo": "https://img-cdn.hltv.org/playerbodyshot/xqJ4nf0aCIE7ooM2G8LaMa.png?ixlib=java-2.1.0&w=400&s=3ff473729f38383683c87e738402585f"
  },
  {
    "name": "b1t",
    "logo": "https://img-cdn.hltv.org/playerbodyshot/-wpQWEgpPtJERr0fGhpsaI.png?ixlib=java-2.1.0&w=400&s=7e7143243c98eae3cbafd7e984a8ecfa"
  },
  {
    "name": "dycha",
    "logo": "https://img-cdn.hltv.org/playerbodyshot/2wHhhKTMmOLlBXfn5aiq8u.png?ixlib=java-2.1.0&w=400&s=32710ef961c1a88c8af71218701a95ed"
  },
  {
    "name": "rain",
    "logo": "https://img-cdn.hltv.org/playerbodyshot/BcLwaUMx36y5OQHAVnLmhR.png?ixlib=java-2.1.0&w=400&s=93fd97d57d89f0c530b299405da9aaa5"
  },
  {
    "name": "EliGE",
    "logo": "https://img-cdn.hltv.org/playerbodyshot/gjvrflLVoMAhNbPUZlaYAb.png?ixlib=java-2.1.0&w=400&s=16d38c8b7ffb303445c5d80187dbac23"
  },
  {
    "name": "REZ",
    "logo": "https://img-cdn.hltv.org/playerbodyshot/Wgc0uYCP9jvw0lTC-4MbE-.png?ixlib=java-2.1.0&w=400&s=1331b00f7a379079e6d67db2a0514431"
  },
  {
    "name": "headtr1ck",
    "logo": "https://img-cdn.hltv.org/playerbodyshot/ahxfIiKlKDAkloRSdNDZVI.png?ixlib=java-2.1.0&w=400&s=689ce17a945f835c15252cdbb63bda93"
  },
  {
    "name": "TeSeS",
    "logo": "https://img-cdn.hltv.org/playerbodyshot/Ch1VId8enAzmbsiOZPvzds.png?ixlib=java-2.1.0&w=400&s=63cfeac2176a9af822ea9ba9abb6d555"
  },
  {
    "name": "cadiaN",
    "logo": "https://img-cdn.hltv.org/playerbodyshot/LPx5hvA81pdvJlvThrFUiY.png?ixlib=java-2.1.0&w=400&s=f8b245d912ed237ef6f23a4a7efc5290"
  },
  {
    "name": "torzsi",
    "logo": "https://img-cdn.hltv.org/playerbodyshot/6UkS2jMd7V7atVdaOQ_Az6.png?ixlib=java-2.1.0&w=400&s=5dd11a5fd283978b8376bc3009b7215c"
  },
  {
    "name": "sjuush",
    "logo": "https://img-cdn.hltv.org/playerbodyshot/H4-F8tiCLLNLBg7PQ83pKY.png?ixlib=java-2.1.0&w=400&s=8d7f620fe1539ab79289c5a983a71644"
  },
  {
    "name": "Magisk",
    "logo": "https://img-cdn.hltv.org/playerbodyshot/2YQBwCCs3DnkjuzdZAbpel.png?ixlib=java-2.1.0&w=400&s=7db9549eb0b68633dff0fde24ec09db5"
  },
  {
    "name": "jabbi",
    "logo": "https://img-cdn.hltv.org/playerbodyshot/nerctHcVDo6Jodpj7ww-PC.png?ixlib=java-2.1.0&w=400&s=328d76b65b590f8d65eb74f364913974"
  },
  {
    "name": "HooXi",
    "logo": "https://img-cdn.hltv.org/playerbodyshot/ZD7YDVWTDqZ5Bf8hEagZMi.png?ixlib=java-2.1.0&w=400&s=f4af7f7c4f2593c024c0dcbb3c9f1168"
  }
]

